Respondent ID,Age,Gender,Family Size,Native State,Zone,Usage,Purchase criteria 1,Purchase criteria 2,Purchase criteria 3,Purchase Monthly Frequency,Monthly Purchase (ltrs),Preferred Brand,Spend (Rs.),Packing Preference,Usage,Purchase Criteria-1,Purchase Criteria-2,Purchase Criteria-3,Purchase Criteria-4,Monthly purchase (cups),Preferred Brand,Spend,Packing Preference,Purchased from,Decision Maker-1,Decision Maker-2,Decision Maker-3,Decision Maker-4,Decision Maker-5
10287148716,35,Female,4,Karnataka,South,Yes,Brand,Price,Taste,4,25,Nandini,1000,Milk Pouches,Yes,Brand,Thickness,Price,Taste,12,Milky Mist,312,Pouch,Retail Outlet,Wife,,,,
10286063608,28,Male,3,Karnataka,South,Yes,Taste,Brand,Price,15,10,Amul,220,Tetrapak,Yes,Taste,Thickness,Brand,Price,15,Milky Mist,384,Pouch,Retail Outlet,Self,,,,
10286023439,<20,Male,3,Gujarat,West,,,,,,,,,,,,,,,,,,,,,,,,
10286012681,28,Male,3,Karnataka,South,Yes,,,,,,,,,,,,,,,,,,,,,,,
10285443789,32,Female,5,Uttar Pradesh,North,Yes,Brand,Taste,Price,30,10,Nandini,200,Milk Pouches,"No, I make it at home",,,,,,,,,,Self,,,,
10285398377,35,Female,3,Karnataka,South,Yes,Taste,Brand,Price,30,35,Nandini,1400,Reusable Containers,Yes,Taste,Thickness,Brand,Price,10,Heritage,249.6,No Specific Choice,Retail Outlet,Wife,,,,
10285294329,34,Female,3,Maharashtra,West,Yes,Brand,Price,Taste,30,15,Nandini,600,Reusable Containers,Yes,Taste,Thickness,Price,Brand,10,Nandini,262.4,Pouch,Milk Distributor,Self,,,,
10285273343,44,Female,4,Karnataka,South,No,,,,,,,,,Yes,Brand,Taste,Price,Thickness,2,Nandini,41,Pouch,Retail Outlet,,,,,
10285238295,46,Female,4,Punjab,North,Yes,Taste,Price,Brand,30,35,Heritage,1540,Milk Pouches,"No, I make it at home",,,,,,,,,,Self,,,,
10285212387,37,Female,3,Punjab,North,Yes,Brand,Taste,Price,4,10,Heritage,220,Milk Pouches,"No, I make it at home",,,,,,,,,,Self,,,,
10284890223,23,Female,5,Karnataka,South,Yes,,,,,,,,,,,,,,,,,,,,,,,
10284733456,65,Male,4,Karnataka,South,Yes,Taste,Brand,Price,30,45,Heritage,1980,Milk Pouches,No,,,,,,,,,,Self,,,,
10284732218,42,Female,6,Karnataka,South,Yes,,,,,,,,,,,,,,,,,,,,,,,
10283431019,27,Male,2,Karnataka,South,Yes,Brand,Taste,Price,15,15,Nandini,600,No Specific Choice,Yes,Taste,Thickness,Brand,Price,2,Milky Mist,60,No Specific Choice,Retail Outlet,Self,,,,
10283335040,36,Female,3,Andhra Pradesh,South,Yes,Taste,Brand,Price,30,10,Nandini,200,Tetrapak,Yes,Taste,Thickness,Brand,Price,4,Milky Mist,192,Cup,Retail Outlet,Wife,Parents,Self,,
10282407146,50,Female,4,Rajasthan,North,No,,,,,,,,,No,,,,,,,,,,Husband,,,,
10282400736,21,Female,5,Rajasthan,North,Yes,Price,Brand,Taste,4,1,Amul,22,Milk Pouches,No,,,,,,,,,,Self,,,,
10282392209,29,Male,2,Rajasthan,North,Yes,Brand,Taste,Price,4,10,Nandini,200,Tetrapak,No,,,,,,,,,,Self,,,,
10282385357,28,Female,4,Rajasthan,North,No,,,,,,,,,No,,,,,,,,,,Parents,,,,
10282374920,25,Female,4,Rajasthan,North,Yes,Brand,Price,Taste,30,1,Nandini,20,Milk Pouches,No,,,,,,,,,,Parents,,,,
10282212941,35,Male,2,Karnataka,South,Yes,Brand,Taste,Price,8,10,Nandini,200,No Specific Choice,Yes,Taste,Thickness,Price,Brand,2,Nandini,41,Pouch,Retail Outlet,Self,,,,
10280842647,23,Male,4,Maharashtra,West,No,,,,,,,,,,,,,,,,,,,,,,,
10279994518,60,Female,3,Karnataka,South,Yes,Taste,Price,Brand,30,25,Nandini,1000,No Specific Choice,Yes,Taste,Price,Brand,Thickness,15,Nandini,262.4,No Specific Choice,Retail Outlet,,,,,
10279878560,30,Female,6,Karnataka,South,Yes,Brand,Price,Taste,30,25,Nandini,1000,Tetrapak,Yes,,,,,,,,,,,,,,
10279723389,21,Male,5,Telangana,South,Yes,Taste,Price,Brand,4,35,Heritage,1540,No Specific Choice,,,,,,,,,,,,,,,
10279585970,35,Male,2,Karnataka,South,Yes,Taste,Price,Brand,30,35,Nandini,1400,No Specific Choice,,,,,,,,,,,,,,,
10279445644,26,Male,3,Karnataka,South,Yes,Price,Brand,Taste,4,35,Nandini,1400,Milk Pouches,No,,,,,,,,,,Parents,,,,
10279413363,23,Male,3,Maharashtra,West,Yes,Taste,Brand,Price,8,15,Gokul,630,No Specific Choice,"No, I make it at home",,,,,,,,,,Household help,Self,,,
10279411671,25,Male,3,Karnataka,South,Yes,Brand,Price,Taste,30,35,Nandini,1400,Milk Pouches,Yes,Brand,Taste,Price,Thickness,11,Amul,286,Pouch,Retail Outlet,Parents,,,,
10279400655,29,Female,5,Karnataka,South,Yes,Taste,Price,Brand,30,15,Nandini,600,No Specific Choice,Yes,Taste,Brand,Thickness,Price,5,Nandini,131.2,Pouch,Retail Outlet,Self,,,,
10279334481,25,Female,4,Karnataka,South,No,,,,,,,,,Yes,Brand,Thickness,Taste,Price,6,Nandini,131.2,No Specific Choice,Retail Outlet,Parents,,,,
10279333212,31,Male,2,Uttar Pradesh,North,Yes,Taste,Brand,Price,30,45,Nandini,1800,No Specific Choice,Yes,Taste,Thickness,Brand,Price,12,Milky Mist,312,Pouch,Retail Outlet,Self,,,,
10279321375,28,Female,5,Karnataka,South,Yes,Price,Taste,Brand,4,35,Nandini,1400,Milk Pouches,Yes,Brand,Taste,Price,Thickness,5,Nandini,131.2,Pouch,Retail Outlet,,,,,
10279284037,30,Female,8+,Karnataka,South,No,,,,,,,,,No,,,,,,,,,,Parents,,,,
10279283054,40,Female,4,Punjab,North,Yes,Taste,Brand,Price,4,35,Nandini,1400,Tetrapak,Yes,Taste,Thickness,Brand,Price,6,Milky Mist,312,Cup,Retail Outlet,,,,,
10279245522,33,Male,6,West Bengal,East,Yes,Taste,Brand,Price,30,1,Nandini,20,Milk Pouches,Yes,Thickness,Taste,Price,Brand,4,Mother Dairy,100,No Specific Choice,Retail Outlet,Self,,,,
10279226091,28,Male,3,Karnataka,South,Yes,Taste,Brand,Price,30,25,Locally Sourced,625,Reusable Containers,"No, I make it at home",,,,,,,,,,Self,,,,
10279225169,20,Female,5,Karnataka,South,Yes,Price,Brand,Taste,4,1,Nandini,20,Milk Pouches,Yes,Brand,Taste,Price,Thickness,2,Nandini,41,Pouch,Retail Outlet,Self,,,,
10279218277,26,Female,4,Karnataka,South,Yes,Brand,Taste,Price,30,1,Nandini,20,Milk Pouches,No,,,,,,,,,,Parents,,,,
10279214061,41,Female,8+,Karnataka,South,Yes,Brand,Price,Taste,30,115,Nandini,4600,Reusable Containers,Yes,Price,Thickness,Taste,Brand,6,happy cow,640,No Specific Choice,Milk Distributor,Wife,,,,
10279203411,25,Male,4,Karnataka,South,Yes,Brand,Taste,Price,30,1,Nandini,20,Milk Pouches,,,,,,,,,,,,,,,
10278566991,38,Male,3,Karnataka,South,No,,,,,,,,,Yes,Brand,Taste,Price,Thickness,2,Nandini,41,Pouch,Retail Outlet,Husband,,,,
10278483593,25,Male,4,Karnataka,South,No,,,,,,,,,Yes,Thickness,Price,Taste,Brand,7,Amul,176,No Specific Choice,Retail Outlet,Self,,,,
10278471633,36,Female,4,Karnataka,South,Yes,,,,,,,,,,,,,,,,,,,,,,,
10278458736,30,Male,5,Maharashtra,West,No,,,,,,,,,Yes,Taste,Thickness,Price,Brand,6,Amul,286,Cup,Retail Outlet,Self,,,,
10278346584,40,Female,4,Tamil Nadu,South,,,,,,,,,,,,,,,,,,,,,,,,
10278072014,23,Female,3,Karnataka,South,Yes,,,,,,,,,,,,,,,,,,,,,,,
10278016992,35,Male,4,Andhra Pradesh,South,Yes,Taste,Brand,Price,30,25,Nilgiris,1125,Milk Pouches,Yes,Taste,Price,Brand,Thickness,14,Aahaa,352,Pouch,Milk Distributor,Husband,Wife,,,
10277327530,68,Male,2,Andhra Pradesh,South,Yes,Brand,Price,Taste,30,55,Nandini,2080,Milk Pouches,Yes,Brand,Price,Taste,Thickness,15,Milky Mist,384,No Specific Choice,Retail Outlet,Husband,,,,
10276978929,31,Male,3,Karnataka,South,Yes,Brand,Taste,Price,30,10,Nandini,200,Milk Pouches,Yes,Brand,Thickness,Taste,Price,9,Nandini,213.2,Pouch,Retail Outlet,Self,,,,
10276941577,34,Female,3,Karnataka,South,Yes,Taste,Brand,Price,30,10,Arokya,215.6,Milk Pouches,Yes,Brand,Taste,Thickness,Price,2,Milky Mist,60,Pouch,Milk Distributor,Wife,,,,
10275118774,36,Female,4,Karnataka,South,Yes,,,,,,,,,,,,,,,,,,,,,,,
10274526409,28,Female,4,Karnataka,South,Yes,Taste,Brand,Price,8,35,Nandini,1400,Reusable Containers,,,,,,,,,,,,,,,
10274511481,26,Male,4,Karnataka,South,Yes,Brand,Price,Taste,15,15,Heritage,660,Milk Pouches,Yes,Brand,Price,Taste,Thickness,6,Heritage,153.6,Pouch,Milk Distributor,Self,,,,
10274474298,21,Male,4,Karnataka,South,Yes,Brand,Taste,Price,30,10,Nandini,200,Milk Pouches,"No, I make it at home",,,,,,,,,,Wife,Parents,Self,,
10274396139,27,Male,3,Karnataka,South,Yes,Taste,Brand,Price,15,25,Nandini,1000,Milk Pouches,Yes,Taste,Thickness,Brand,Price,9,Nandini,213.2,Pouch,Milk Distributor,Self,,,,
10271863255,51,Female,4,Karnataka,South,Yes,Taste,Brand,Price,4,35,Nandini,1400,Fino Pouch,,,,,,,,,,,,,,,
10270161794,29,Male,3,Maharashtra,West,No,,,,,,,,,Yes,Brand,Taste,Thickness,Price,1,Amul,55,Cup,Retail Outlet,,,,,
10269311715,26,Male,8+,Maharashtra,West,Yes,Taste,Brand,Price,15,15,Heritage,660,No Specific Choice,Yes,Taste,Price,Brand,Thickness,10,Tirumala,239.2,Pouch,Milk Distributor,Wife,,,,
10269256352,42,Male,5,Karnataka,South,Yes,Brand,Price,Taste,30,65,Nandini,2600,Milk Pouches,Yes,Thickness,Taste,Price,Brand,15,Milky Mist,384,No Specific Choice,Retail Outlet,,,,,
10269237518,63,Female,5,Tamil Nadu,South,Yes,Brand,Taste,Price,30,45,Nandini,1800,Milk Pouches,,,,,,,,,,,,,,,
10268971608,45,Male,4,Karnataka,South,Yes,Taste,Brand,Price,30,55,Amul,2288,Tetrapak,Yes,Brand,Taste,Thickness,Price,6,Milky Mist,312,Cup,Retail Outlet,Wife,,,,
10268902057,38,Female,4,Karnataka,South,Yes,,,,,,,,,,,,,,,,,,,,,,,
10268889782,45,Female,3,Tamil Nadu,South,Yes,,,,,,,,,,,,,,,,,,,,,,,
10268876056,44,Female,3,Karnataka,South,No,,,,,,,,,Yes,Brand,Taste,Price,Thickness,8,Milky Mist,192,Pouch,Retail Outlet,Self,,,,
10268858410,35,Female,5,Kerala,South,Yes,Taste,Brand,Price,15,15,Nandini,600,Reusable Containers,Yes,Taste,Brand,Thickness,Price,5,Nandini,131.2,Pouch,Milk Distributor,Self,,,,
10268857464,42,Male,4,Karnataka,South,No,,,,,,,,,"No, I make it at home",,,,,,,,,,Wife,,,,
10268857340,26,Female,2,Karnataka,South,Yes,Brand,Taste,Price,15,1,Nandini,20,Milk Pouches,Yes,Brand,Taste,Thickness,Price,1,Amul,55,Cup,Ecommerce Site,Self,,,,
10268849295,27,Female,2,Uttar Pradesh,North,Yes,Taste,Brand,Price,15,10,Mother Dairy,,Reusable Containers,,,,,,,,,,,,,,,
10268738290,30,Male,2,Telangana,South,Yes,Brand,Taste,Price,30,15,Nandini,600,Milk Pouches,"No, I make it at home",,,,,,,,,,Wife,Self,,,
10267384944,26,Male,4,Karnataka,South,Yes,Price,Taste,Brand,30,10,Nandini,200,Milk Pouches,"No, I make it at home",,,,,,,,,,Self,,,,
10267336389,>70,Female,7,Karnataka,South,Yes,,,,,,,,,,,,,,,,,,,,,,,
10266611969,36,Male,3,Tamil Nadu,South,No,,,,,,,,,Yes,,,,,,,,,,,,,,
10266440237,38,Male,3,Telangana,South,Yes,Brand,Price,Taste,4,35,Akshayakalpa,2450,No Specific Choice,Yes,Taste,Brand,Price,Thickness,6-10 Cups,Nilgiris,128,,Ecommerce Site,Self,,,,
10300557428,30,Male,7,Karnataka,South,Yes,Taste,,,30,15,Heritage,660,Reusable Containers,Yes,Taste,,,,6,Heritage,153.6,Pouch,Retail Outlet,Self,,,,
10300364839,20,Male,2,Andhra Pradesh,South,No,,,,,,,,,Yes,Brand,,,,5,Nandini,131.2,Pouch,,,,,,
10299990561,48,Male,4,Karnataka,South,No,,,,,,,,,,,,,,,,,,,,,,,
10299904520,25,Female,3,Karnataka,South,Yes,Taste,,,30,15,Heritage,660,Milk Pouches,Yes,Thickness,,,,1,Milky Mist,60,Cup,Retail Outlet,Self,,,,
10299854932,<20,Male,8+,Odisha,East,,,,,,,,,,,,,,,,,,,,,,,,
10299807655,50,Female,3,Karnataka,South,Yes,Price,,,4,10,Nandini,200,Milk Pouches,Yes,Thickness,,,,2,Heritage,48,Pouch,Milk Distributor,Household help,,,,
10299736027,32,Female,6,Karnataka,South,Yes,Taste,,,30,35,Nandini,1400,No Specific Choice,Yes,Thickness,,,,8,Milky Mist,384,Cup,Milk Distributor,Self,,,,
10299667070,45,Male,4,Karnataka,South,Yes,Price,,,30,45,Nandini,1800,Milk Pouches,Yes,Thickness,,,,5,Nandini,131.2,Pouch,Retail Outlet,Parents,,,,
10299609989,30,Female,2,Karnataka,South,No,,,,,,,,,Yes,Taste,,,,5,Nandini,131.2,Pouch,Retail Outlet,Husband,,,,
10299556303,32,Male,4,Karnataka,South,Yes,Brand,,,15,15,Nandini,600,Tetrapak,Yes,Taste,,,,9,Nandini,213.2,Pouch,Retail Outlet,Self,,,,
10299491686,31,Female,6,Karnataka,South,Yes,Taste,,,30,35,Nandini,1400,Milk Pouches,Yes,Taste,,,,3,Nandini,131.2,Cup,Milk Distributor,Self,,,,
10299429705,32,Female,4,Karnataka,South,No,,,,,,,,,Yes,Taste,,,,2,Nandini,41,Pouch,Milk Distributor,Parents,,,,
10299404977,69,Male,4,Karnataka,South,,,,,,,,,,,,,,,,,,,,,,,,
10299379671,57,Male,3,Karnataka,South,Yes,Taste,,,4,10,Nandini,200,Milk Pouches,Yes,Taste,,,,9,Nandini,213.2,Pouch,Milk Distributor,Wife,,,,
10299378577,35,Male,7,Karnataka,South,Yes,Colour,,,8,25,Amul,1100,Tetrapak,Yes,Taste,,,,5,Nandini,131.2,Pouch,Retail Outlet,Self,,,,
10299314475,46,Male,3,West Bengal,East,Yes,Brand,,,15,25,Amul,1100,Milk Pouches,Yes,,,,,,,,,,,,,,
10299279208,33,Male,5,Karnataka,South,Yes,Taste,,,30,35,Nandini,1400,Milk Pouches,Yes,Brand,,,,4,Nandini,213.2,Cup,Retail Outlet,Wife,,,,
10299238165,30,Female,6,Karnataka,South,Yes,Brand,,,30,15,Nandini,600,Tetrapak,Yes,Brand,,,,2,Nandini,41,Pouch,Retail Outlet,Self,,,,
10298428426,42,Male,6,Karnataka,South,No,,,,,,,,,Yes,Taste,,,,10,Nandini,262.4,Pouch,Milk Distributor,Wife,,,,
10298308220,36,Male,8+,Karnataka,South,Yes,Taste,,,30,25,Nandini,1000,Milk Pouches,Yes,Taste,,,,6,Heritage,153.6,Pouch,Retail Outlet,Husband,,,,
10298192825,33,Male,6,Karnataka,South,No,,,,,,,,,"No, I make it at home",,,,,,,,,Ecommerce Site,Parents,,,,
10298106981,42,Female,4,Karnataka,South,Yes,Brand,,,30,35,Nandini,1400,Milk Pouches,"No, I make it at home",,,,,,,,,Retail Outlet,Wife,,,,
10297959732,51,Male,4,Karnataka,South,Yes,Price,,,4,25,Nandini,1000,Milk Pouches,Yes,Taste,,,,5,Nandini,131.2,Pouch,,,,,,
10297759781,30,Male,4,Karnataka,South,,,,,,,,,,,,,,,,,,,,,,,,
10297345288,58,Female,4,Karnataka,South,No,,,,,,,,,Yes,Thickness,,,,2,Nandini,41,Pouch,Ecommerce Site,Self,,,,
10297153474,34,Female,3,Karnataka,South,Yes,Brand,,,30,10,Arokya ,,Milk Pouches,Yes,Brand,,,,2,Locally sourced,40,Pouch,Milk Distributor,Wife,,,,
10296936637,52,Male,4,Tamil Nadu,South,No,,,,,,,,,Yes,Brand,,,,6,Cup,320,Cup,Retail Outlet,Wife,,,,
10296922175,45,Male,4,Karnataka,South,No,,,,,,,,,,,,,,,,,,,,,,,
10296883879,69,Male,4,Karnataka,South,Yes,Taste,,,30,15,Nandini,600,Milk Pouches,Yes,Taste,,,,5,Nandini,131.2,Pouch,Retail Outlet,Husband,,,,
10296824643,38,Female,4,Uttar Pradesh,North,Yes,Taste,,,30,25,Nandini,1000,Milk Pouches,"No, I make it at home",,,,,,,,,Milk Distributor,Self,,,,
10296823993,57,Female,3,Karnataka,South,Yes,Price,,,15,15,Nandini,600,No Specific Choice,Yes,Taste,,,,9,Nandini,213.2,Pouch,Milk Distributor,Self,,,,
10296775282,35,Female,4,Karnataka,South,Yes,Brand,,,8,25,Nandini,1000,Tetrapak,Yes,Taste,,,,4,Milky Mist,192,Cup,Retail Outlet,Wife,,,,
10296667063,32,Female,6,Karnataka,South,Yes,Brand,,,30,15,Nandini,600,Tetrapak,Yes,Brand,,,,5,Nandini,131.2,Pouch,Retail Outlet,Parents,,,,
10296636896,30,Female,3,Karnataka,South,Yes,Brand,,,30,35,Nandini,1400,Reusable Containers,Yes,Brand,,,,2,Amul,55,Pouch,Milk Distributor,Self,,,,
10296531058,33,Female,3,Karnataka,South,Yes,Taste,,,4,1,Nandini,20,Milk Pouches,Yes,Brand,,,,2,Nandini,41,Pouch,Milk Distributor,Husband,,,,
10295989855,<20,Male,2,Andaman and Nicobar Islands,South,,,,,,,,,,,,,,,,,,,,,,,,
10295604847,23,Female,5,Andhra Pradesh,South,Yes,Brand,,,15,10,Nandini,200,Milk Pouches,"No, I make it at home",,,,,,,,,Milk Distributor,Parents,,,,
10295464768,45,Female,4,Karnataka,South,Yes,Brand,,,30,25,Nandini,1000,No Specific Choice,Yes,Thickness,,,,2,Nandini,41,Pouch,Milk Distributor,Self,,,,
10295049454,48,Male,5,Karnataka,South,Yes,Brand,,,30,10,Nandini,200,No Specific Choice,Yes,Brand,,,,9,Nandini,213.2,Pouch,Ecommerce Site,Self,,,,
10294848271,>70,Female,5,Tamil Nadu,South,No,,,,,,,,,Yes,Taste,,,,1,Heritage,48,Cup,Retail Outlet,Wife,,,,
10294806712,31,Female,4,Telangana,South,,,,,,,,,,,,,,,,,,,,,,,,
10294694698,63,Female,4,Karnataka,South,No,,,,,,,,,"No, I make it at home",,,,,,,,,Retail Outlet,Self,,,,
10294223179,68,Male,2,Karnataka,South,Yes,Taste,,,8,10,Nandini,200,Milk Pouches,Yes,Taste,,,,5,Nandini,131.2,Pouch,Retail Outlet,Self,,,,
10294139841,35,Male,7,Bihar,East,Yes,Brand,,,8,10,Nandini,200,Milk Pouches,Yes,Taste,,,,3,Nandini,131.2,Cup,Retail Outlet,Self,,,,
10294135445,50,Female,3,Karnataka,South,Yes,Taste,,,30,25,Nandini,1000,Milk Pouches,"No, I make it at home",,,,,,,,,Milk Distributor,Wife,,,,
10294057947,49,Female,5,Karnataka,South,Yes,Brand,,,30,35,Nandini,1400,Milk Pouches,Yes,Thickness,,,,4,Nandini,213.2,Cup,Milk Distributor,Husband,,,,
10293320345,50,Female,3,Karnataka,South,Yes,Brand,,,30,15,Nandini,600,No Specific Choice,Yes,Thickness,,,,6,Milky Mist,312,Cup,Retail Outlet,Self,,,,
10293232005,57,Male,3,Karnataka,South,Yes,Taste,,,4,25,Nandini,1000,Milk Pouches,No,,,,,,,,,Retail Outlet,Wife,,,,
10293149586,43,Male,4,Tamil Nadu,South,Yes,Taste,,,30,25,Aavin,1025,Milk Pouches,"No, I make it at home",,,,,,,,,Milk Distributor,Wife,,,,
10292471565,25,Male,4,Telangana,South,No,,,,,,,,,Yes,Brand,,,,10,Nandini,262.4,Pouch,Milk Distributor,Self,,,,
10292198054,45,Female,4,Andhra Pradesh,South,Yes,Brand,,,4,25,Nandini,1000,Milk Pouches,Yes,Brand,,,,9,Nandini,213.2,Pouch,Milk Distributor,Self,,,,
10292142532,49,Male,3,Karnataka,South,Yes,Taste,,,30,25,Nandini,1000,Milk Pouches,No,,,,,,,,,Retail Outlet,Self,,,,
10292124872,64,Female,5,Karnataka,South,Yes,Brand,,,15,15,Nandini,600,Milk Pouches,Yes,Brand,,,,10,Brittania,520,Cup,Retail Outlet,Self,,,,
10292073163,53,Male,5,Karnataka,South,No,,,,,,,,,Yes,Brand,,,,1,Nandini,41,Cup,Retail Outlet,Household help,,,,
10290955902,69,Male,2,Karnataka,South,Yes,Price,,,30,25,Heritage,1100,Milk Pouches,"No, I make it at home",,,,,,,,,Retail Outlet,Wife,,,,
10290192792,47,Female,4,Karnataka,South,Yes,Taste,,,30,25,Locally Sourced,,No Specific Choice,"No, I make it at home",,,,,,,,,Retail Outlet,Parents,,,,
10290010622,45,Male,4,Karnataka,South,No,,,,,,,,,Yes,Brand,,,,5,Nandini,131.2,Pouch,Milk Distributor,Wife,,,,
10289932626,40,Female,6,Karnataka,South,Yes,Brand,,,30,45,Akshayakalpa,3150,Reusable Containers,Yes,Price,,,,26,Akshayakalpa,640,Pouch,Retail Outlet,Self,,,,
10289883239,20,Male,3,Karnataka,South,Yes,Taste,,,30,25,Nandini,1000,Milk Pouches,Yes,Taste,,,,9,Nandini,213.2,Pouch,Retail Outlet,Parents,,,,
10288738314,27,Female,4,Karnataka,South,Yes,Brand,,,30,55,Nandini,2200,Milk Pouches,Yes,Thickness,,,,5,Nandini,131.2,Pouch,Retail Outlet,Parents,,,,
10288403401,<20,Female,4,Haryana,North,,,,,,,,,,,,,,,,,,,,,,,,
10288208293,33,Female,4,Andhra Pradesh,South,Yes,Price,,,4,10,Heritage,220,No Specific Choice,,,,,,,,,,,,,,,
10288202267,37,Male,2,Telangana,South,Yes,Taste,,,30,35,Nandini,1400,Tetrapak,Yes,Thickness,,,,10,Heritage,249.6,Pouch,Retail Outlet,Wife,,,,
10288111767,35,Male,2,Andhra Pradesh,South,No,,,,,,,,,"No, I make it at home",,,,,,,,,Retail Outlet,Self,,,,
10288028967,36,Female,5,Punjab,North,Yes,Taste,,,30,75,Nandini,3000,No Specific Choice,Yes,Taste,,,,10,Nandini,262.4,Pouch,Retail Outlet,Self,,,,
10287744171,59,Female,4,Kerala,South,No,,,,,,,,,Yes,Taste,,,,8,Milky Mist,192,Pouch,Ecommerce Site,Self,,,,
10287634897,59,Male,5,Karnataka,South,Yes,Price,,,30,35,Nandini,1400,Milk Pouches,No,,,,,,,,,Milk Distributor,Self,,,,
10287550197,66,Male,5,Karnataka,South,Yes,Brand,,,15,25,Nandini,1000,Milk Pouches,Yes,Brand,,,,9,Nandini,213.2,Pouch,Milk Distributor,Self,,,,
10287515671,42,Male,5,Karnataka,South,Yes,Brand,,,30,15,Nandini,600,Milk Pouches,Yes,Taste,,,,1,Amul,55,Cup,Retail Outlet,Wife,,,,
10287483034,39,Female,3,Andhra Pradesh,South,Yes,Brand,,,30,35,Nandini,1400,No Specific Choice,Yes,Brand,,,,12,Milky Mist,312,No Specific Choice,Retail Outlet,Wife,,,,
10287479345,31,Male,4,Andhra Pradesh,South,Yes,Taste,,,30,25,Locally Sourced,625,Reusable Containers,"No, I make it at home",,,,,,,,,Milk Distributor,Self,,,,
10287345851,36,Female,2,Karnataka,South,No,,,,,,,,,"No, I make it at home",,,,,,,,,Retail Outlet,Self,,,,
10287550198,66,Male,5,Karnataka,South,Yes,Brand,,,15,25,Nandini,1000,Milk Pouches,Yes,Brand,,,,9,Nandini,213.2,Pouch,Milk Distributor,Self,,,,
10287744172,59,Female,4,Kerala,South,No,,,,,,,,,Yes,Taste,,,,8,Milky Mist,192,Pouch,Ecommerce Site,Self,,,,
10288403410,<20,Female,4,Haryana,North,,,,,,,,,,,,,,,,,,,,,,,,
10287288920,57,Male,3,Andhra Pradesh,South,Yes,Price,,,4,25,Sangam,1100,Milk Pouches,No,,,,,,,,,Retail Outlet,Wife,,,,
Respondent ID,Preferred Brand,,,,,,,,,,,,,,,,,,,,,,,,,,,,
10287148716,Nandini,,,,,,,,,,,,,,,,,,,,,,,,,,,,
10286063608,Amul,,,,,,,,,,,,,,,,,,,,,,,,,,,,
10285443789,Nandini,,,,,,,,,,,,,,,,,,,,,,,,,,,,
10285398377,Nandini,,,,,,,,,,,,,,,,,,,,,,,,,,,,
10285294329,Nandini,,,,,,,,,,,,,,,,,,,,,,,,,,,,
10285238295,Heritage,,,,,,,,,,,,,,,,,,,,,,,,,,,,
10285212387,Heritage,,,,,,,,,,,,,,,,,,,,,,,,,,,,
10284733456,Heritage,,,,,,,,,,,,,,,,,,,,,,,,,,,,
10283431019,Nandini,,,,,,,,,,,,,,,,,,,,,,,,,,,,
10283335040,Nandini,,,,,,,,,,,,,,,,,,,,,,,,,,,,
10282400736,Amul,,,,,,,,,,,,,,,,,,,,,,,,,,,,
10282392209,Nandini,,,,,,,,,,,,,,,,,,,,,,,,,,,,
10282374920,Nandini,,,,,,,,,,,,,,,,,,,,,,,,,,,,
10282212941,Nandini,,,,,,,,,,,,,,,,,,,,,,,,,,,,
10279994518,Nandini,,,,,,,,,,,,,,,,,,,,,,,,,,,,
10279878560,Nandini,,,,,,,,,,,,,,,,,,,,,,,,,,,,
10279723389,Heritage,,,,,,,,,,,,,,,,,,,,,,,,,,,,
10279585970,Nandini,,,,,,,,,,,,,,,,,,,,,,,,,,,,
10279445644,Nandini,,,,,,,,,,,,,,,,,,,,,,,,,,,,
10279413363,Gokul,,,,,,,,,,,,,,,,,,,,,,,,,,,,
10279411671,Nandini,,,,,,,,,,,,,,,,,,,,,,,,,,,,
10279400655,Nandini,,,,,,,,,,,,,,,,,,,,,,,,,,,,
10279333212,Nandini,,,,,,,,,,,,,,,,,,,,,,,,,,,,
10279321375,Nandini,,,,,,,,,,,,,,,,,,,,,,,,,,,,
10279283054,Nandini,,,,,,,,,,,,,,,,,,,,,,,,,,,,
10279245522,Nandini,,,,,,,,,,,,,,,,,,,,,,,,,,,,
10279226091,Locally Sourced,,,,,,,,,,,,,,,,,,,,,,,,,,,,
10279225169,Nandini,,,,,,,,,,,,,,,,,,,,,,,,,,,,
10279218277,Nandini,,,,,,,,,,,,,,,,,,,,,,,,,,,,
10279214061,Nandini,,,,,,,,,,,,,,,,,,,,,,,,,,,,
10279203411,Nandini,,,,,,,,,,,,,,,,,,,,,,,,,,,,
10278016992,Nilgiris,,,,,,,,,,,,,,,,,,,,,,,,,,,,
10277327530,Nandini,,,,,,,,,,,,,,,,,,,,,,,,,,,,
10276978929,Nandini,,,,,,,,,,,,,,,,,,,,,,,,,,,,
10276941577,Arokya,,,,,,,,,,,,,,,,,,,,,,,,,,,,
10274526409,Nandini,,,,,,,,,,,,,,,,,,,,,,,,,,,,
10274511481,Heritage,,,,,,,,,,,,,,,,,,,,,,,,,,,,
10274474298,Nandini,,,,,,,,,,,,,,,,,,,,,,,,,,,,
10274396139,Nandini,,,,,,,,,,,,,,,,,,,,,,,,,,,,
10271863255,Nandini,,,,,,,,,,,,,,,,,,,,,,,,,,,,
10269311715,Heritage,,,,,,,,,,,,,,,,,,,,,,,,,,,,
10269256352,Nandini,,,,,,,,,,,,,,,,,,,,,,,,,,,,
10269237518,Nandini,,,,,,,,,,,,,,,,,,,,,,,,,,,,
10268971608,Amul,,,,,,,,,,,,,,,,,,,,,,,,,,,,
10268858410,Nandini,,,,,,,,,,,,,,,,,,,,,,,,,,,,
10268857340,Nandini,,,,,,,,,,,,,,,,,,,,,,,,,,,,
10268849295,Mother Dairy,,,,,,,,,,,,,,,,,,,,,,,,,,,,
10268738290,Nandini,,,,,,,,,,,,,,,,,,,,,,,,,,,,
10267384944,Nandini,,,,,,,,,,,,,,,,,,,,,,,,,,,,
10266440237,Akshayakalpa,,,,,,,,,,,,,,,,,,,,,,,,,,,,
10300557428,Heritage,,,,,,,,,,,,,,,,,,,,,,,,,,,,
10299904520,Heritage,,,,,,,,,,,,,,,,,,,,,,,,,,,,
10299807655,Nandini,,,,,,,,,,,,,,,,,,,,,,,,,,,,
10299736027,Nandini,,,,,,,,,,,,,,,,,,,,,,,,,,,,
10299667070,Nandini,,,,,,,,,,,,,,,,,,,,,,,,,,,,
10299556303,Nandini,,,,,,,,,,,,,,,,,,,,,,,,,,,,
10299491686,Nandini,,,,,,,,,,,,,,,,,,,,,,,,,,,,
10299379671,Nandini,,,,,,,,,,,,,,,,,,,,,,,,,,,,
10299378577,Amul,,,,,,,,,,,,,,,,,,,,,,,,,,,,
10299314475,Amul,,,,,,,,,,,,,,,,,,,,,,,,,,,,
10299279208,Nandini,,,,,,,,,,,,,,,,,,,,,,,,,,,,
10299238165,Nandini,,,,,,,,,,,,,,,,,,,,,,,,,,,,
10298308220,Nandini,,,,,,,,,,,,,,,,,,,,,,,,,,,,
10298106981,Nandini,,,,,,,,,,,,,,,,,,,,,,,,,,,,
10297959732,Nandini,,,,,,,,,,,,,,,,,,,,,,,,,,,,
10297153474,Arokya ,,,,,,,,,,,,,,,,,,,,,,,,,,,,
10296883879,Nandini,,,,,,,,,,,,,,,,,,,,,,,,,,,,
10296824643,Nandini,,,,,,,,,,,,,,,,,,,,,,,,,,,,
10296823993,Nandini,,,,,,,,,,,,,,,,,,,,,,,,,,,,
10296775282,Nandini,,,,,,,,,,,,,,,,,,,,,,,,,,,,
10296667063,Nandini,,,,,,,,,,,,,,,,,,,,,,,,,,,,
10296636896,Nandini,,,,,,,,,,,,,,,,,,,,,,,,,,,,
10296531058,Nandini,,,,,,,,,,,,,,,,,,,,,,,,,,,,
10295604847,Nandini,,,,,,,,,,,,,,,,,,,,,,,,,,,,
10295464768,Nandini,,,,,,,,,,,,,,,,,,,,,,,,,,,,
10295049454,Nandini,,,,,,,,,,,,,,,,,,,,,,,,,,,,
10294223179,Nandini,,,,,,,,,,,,,,,,,,,,,,,,,,,,
10294139841,Nandini,,,,,,,,,,,,,,,,,,,,,,,,,,,,
10294135445,Nandini,,,,,,,,,,,,,,,,,,,,,,,,,,,,
10294057947,Nandini,,,,,,,,,,,,,,,,,,,,,,,,,,,,
10293320345,Nandini,,,,,,,,,,,,,,,,,,,,,,,,,,,,
10293232005,Nandini,,,,,,,,,,,,,,,,,,,,,,,,,,,,
10293149586,Aavin,,,,,,,,,,,,,,,,,,,,,,,,,,,,
10292198054,Nandini,,,,,,,,,,,,,,,,,,,,,,,,,,,,
10292142532,Nandini,,,,,,,,,,,,,,,,,,,,,,,,,,,,
10292124872,Nandini,,,,,,,,,,,,,,,,,,,,,,,,,,,,
10290955902,Heritage,,,,,,,,,,,,,,,,,,,,,,,,,,,,
10290192792,Locally Sourced,,,,,,,,,,,,,,,,,,,,,,,,,,,,
10289932626,Akshayakalpa,,,,,,,,,,,,,,,,,,,,,,,,,,,,
10289883239,Nandini,,,,,,,,,,,,,,,,,,,,,,,,,,,,
10288738314,Nandini,,,,,,,,,,,,,,,,,,,,,,,,,,,,
10288208293,Heritage,,,,,,,,,,,,,,,,,,,,,,,,,,,,
10288202267,Nandini,,,,,,,,,,,,,,,,,,,,,,,,,,,,
10288028967,Nandini,,,,,,,,,,,,,,,,,,,,,,,,,,,,
10287634897,Nandini,,,,,,,,,,,,,,,,,,,,,,,,,,,,
10287550197,Nandini,,,,,,,,,,,,,,,,,,,,,,,,,,,,
10287515671,Nandini,,,,,,,,,,,,,,,,,,,,,,,,,,,,
10287483034,Nandini,,,,,,,,,,,,,,,,,,,,,,,,,,,,
10287479345,Locally Sourced,,,,,,,,,,,,,,,,,,,,,,,,,,,,
10287550198,Nandini,,,,,,,,,,,,,,,,,,,,,,,,,,,,
10287288920,Sangam,,,,,,,,,,,,,,,,,,,,,,,,,,,,
101,,,,,,,,,,,,,,,,,,,,,,,,,,,,,
Respondent ID,Preferred Brand,,,,,,,,,,,,,,,,,,,,,,,,,,,,
10287148716,Milky Mist,,,,,,,,,,,,,,,,,,,,,,,,,,,,
10286063608,Milky Mist,,,,,,,,,,,,,,,,,,,,,,,,,,,,
10285398377,Heritage,,,,,,,,,,,,,,,,,,,,,,,,,,,,
10285294329,Nandini,,,,,,,,,,,,,,,,,,,,,,,,,,,,
10285273343,Nandini,,,,,,,,,,,,,,,,,,,,,,,,,,,,
10283431019,Milky Mist,,,,,,,,,,,,,,,,,,,,,,,,,,,,
10283335040,Milky Mist,,,,,,,,,,,,,,,,,,,,,,,,,,,,
10282212941,Nandini,,,,,,,,,,,,,,,,,,,,,,,,,,,,
10279994518,Nandini,,,,,,,,,,,,,,,,,,,,,,,,,,,,
10279411671,Amul,,,,,,,,,,,,,,,,,,,,,,,,,,,,
10279400655,Nandini,,,,,,,,,,,,,,,,,,,,,,,,,,,,
10279334481,Nandini,,,,,,,,,,,,,,,,,,,,,,,,,,,,
10279333212,Milky Mist,,,,,,,,,,,,,,,,,,,,,,,,,,,,
10279321375,Nandini,,,,,,,,,,,,,,,,,,,,,,,,,,,,
10279283054,Milky Mist,,,,,,,,,,,,,,,,,,,,,,,,,,,,
10279245522,Mother Dairy,,,,,,,,,,,,,,,,,,,,,,,,,,,,
10279225169,Nandini,,,,,,,,,,,,,,,,,,,,,,,,,,,,
10279214061,happy cow,,,,,,,,,,,,,,,,,,,,,,,,,,,,
10278566991,Nandini,,,,,,,,,,,,,,,,,,,,,,,,,,,,
10278483593,Amul,,,,,,,,,,,,,,,,,,,,,,,,,,,,
10278458736,Amul,,,,,,,,,,,,,,,,,,,,,,,,,,,,
10278016992,Aahaa,,,,,,,,,,,,,,,,,,,,,,,,,,,,
10277327530,Milky Mist,,,,,,,,,,,,,,,,,,,,,,,,,,,,
10276978929,Nandini,,,,,,,,,,,,,,,,,,,,,,,,,,,,
10276941577,Milky Mist,,,,,,,,,,,,,,,,,,,,,,,,,,,,
10274511481,Heritage,,,,,,,,,,,,,,,,,,,,,,,,,,,,
10274396139,Nandini,,,,,,,,,,,,,,,,,,,,,,,,,,,,
10270161794,Amul,,,,,,,,,,,,,,,,,,,,,,,,,,,,
10269311715,Tirumala,,,,,,,,,,,,,,,,,,,,,,,,,,,,
10269256352,Milky Mist,,,,,,,,,,,,,,,,,,,,,,,,,,,,
10268971608,Milky Mist,,,,,,,,,,,,,,,,,,,,,,,,,,,,
10268876056,Milky Mist,,,,,,,,,,,,,,,,,,,,,,,,,,,,
10268858410,Nandini,,,,,,,,,,,,,,,,,,,,,,,,,,,,
10268857340,Amul,,,,,,,,,,,,,,,,,,,,,,,,,,,,
10266440237,Nilgiris,,,,,,,,,,,,,,,,,,,,,,,,,,,,
10300557428,Heritage,,,,,,,,,,,,,,,,,,,,,,,,,,,,
10300364839,Nandini,,,,,,,,,,,,,,,,,,,,,,,,,,,,
10299904520,Milky Mist,,,,,,,,,,,,,,,,,,,,,,,,,,,,
10299807655,Heritage,,,,,,,,,,,,,,,,,,,,,,,,,,,,
10299736027,Milky Mist,,,,,,,,,,,,,,,,,,,,,,,,,,,,
10299667070,Nandini,,,,,,,,,,,,,,,,,,,,,,,,,,,,
10299609989,Nandini,,,,,,,,,,,,,,,,,,,,,,,,,,,,
10299556303,Nandini,,,,,,,,,,,,,,,,,,,,,,,,,,,,
10299491686,Nandini,,,,,,,,,,,,,,,,,,,,,,,,,,,,
10299429705,Nandini,,,,,,,,,,,,,,,,,,,,,,,,,,,,
10299379671,Nandini,,,,,,,,,,,,,,,,,,,,,,,,,,,,
10299378577,Nandini,,,,,,,,,,,,,,,,,,,,,,,,,,,,
10299279208,Nandini,,,,,,,,,,,,,,,,,,,,,,,,,,,,
10299238165,Nandini,,,,,,,,,,,,,,,,,,,,,,,,,,,,
10298428426,Nandini,,,,,,,,,,,,,,,,,,,,,,,,,,,,
10298308220,Heritage,,,,,,,,,,,,,,,,,,,,,,,,,,,,
10297959732,Nandini,,,,,,,,,,,,,,,,,,,,,,,,,,,,
10297345288,Nandini,,,,,,,,,,,,,,,,,,,,,,,,,,,,
10297153474,Locally sourced,,,,,,,,,,,,,,,,,,,,,,,,,,,,
10296936637,Cup,,,,,,,,,,,,,,,,,,,,,,,,,,,,
10296883879,Nandini,,,,,,,,,,,,,,,,,,,,,,,,,,,,
10296823993,Nandini,,,,,,,,,,,,,,,,,,,,,,,,,,,,
10296775282,Milky Mist,,,,,,,,,,,,,,,,,,,,,,,,,,,,
10296667063,Nandini,,,,,,,,,,,,,,,,,,,,,,,,,,,,
10296636896,Amul,,,,,,,,,,,,,,,,,,,,,,,,,,,,
10296531058,Nandini,,,,,,,,,,,,,,,,,,,,,,,,,,,,
10295464768,Nandini,,,,,,,,,,,,,,,,,,,,,,,,,,,,
10295049454,Nandini,,,,,,,,,,,,,,,,,,,,,,,,,,,,
10294848271,Heritage,,,,,,,,,,,,,,,,,,,,,,,,,,,,
10294223179,Nandini,,,,,,,,,,,,,,,,,,,,,,,,,,,,
10294139841,Nandini,,,,,,,,,,,,,,,,,,,,,,,,,,,,
10294057947,Nandini,,,,,,,,,,,,,,,,,,,,,,,,,,,,
10293320345,Milky Mist,,,,,,,,,,,,,,,,,,,,,,,,,,,,
10292471565,Nandini,,,,,,,,,,,,,,,,,,,,,,,,,,,,
10292198054,Nandini,,,,,,,,,,,,,,,,,,,,,,,,,,,,
10292124872,Brittania,,,,,,,,,,,,,,,,,,,,,,,,,,,,
10292073163,Nandini,,,,,,,,,,,,,,,,,,,,,,,,,,,,
10290010622,Nandini,,,,,,,,,,,,,,,,,,,,,,,,,,,,
10289932626,Akshayakalpa,,,,,,,,,,,,,,,,,,,,,,,,,,,,
10289883239,Nandini,,,,,,,,,,,,,,,,,,,,,,,,,,,,
10288738314,Nandini,,,,,,,,,,,,,,,,,,,,,,,,,,,,
10288202267,Heritage,,,,,,,,,,,,,,,,,,,,,,,,,,,,
10288028967,Nandini,,,,,,,,,,,,,,,,,,,,,,,,,,,,
10287744171,Milky Mist,,,,,,,,,,,,,,,,,,,,,,,,,,,,
10287550197,Nandini,,,,,,,,,,,,,,,,,,,,,,,,,,,,
10287515671,Amul,,,,,,,,,,,,,,,,,,,,,,,,,,,,
10287483034,Milky Mist,,,,,,,,,,,,,,,,,,,,,,,,,,,,
10287550198,Nandini,,,,,,,,,,,,,,,,,,,,,,,,,,,,
10287744172,Milky Mist,,,,,,,,,,,,,,,,,,,,,,,,,,,,
84,,,,,,,,,,,,,,,,,,,,,,,,,,,,,
Milk,93135.6,85.89753049,60.12827134,65194.92,,,,,,,,,,,,,,,,,,,,,,,,,
Curd,15290.8,14.10246951,9.871728656,10703.56,,,,,,,,,,,,,,,,,,,,,,,,,
,108426.4,154894.8571,,,,,,,,,,,,,,,,,,,,,,,,,,,
,,,,,,,,,,,,,,,,,,,,,,,,,,,,,
Native State,,,,Native State,Monthly Purchase (ltrs),,,Native State,,,,,,,,,,,,,,,,,,,,,
Karnataka,96,,,Karnataka,25,1675,,Karnataka,1675,,,,,,,,,,,,,,,,,,,,
Andhra Pradesh,11,,,Karnataka,10,1675,,Andhra Pradesh,220,,,,,,,,,,,,,,,,,,,,
Tamil Nadu,7,,,Karnataka,0,1675,,Punjab,155,,,,,,,,,,,,,,,,,,,,
Maharashtra,6,,,Karnataka,35,1675,,Telangana,120,,,,,,,,,,,,,,,,,,,,
Telangana,6,,,Karnataka,0,1675,,Uttar Pradesh,90,,,,,,,,,,,,,,,,,,,,
Rajasthan,5,,,Karnataka,0,1675,,Tamil Nadu,70,,,,,,,,,,,,,,,,,,,,
Uttar Pradesh,4,,,Karnataka,45,1675,,Maharashtra,45,,,,,,,,,,,,,,,,,,,,
Punjab,4,,,Karnataka,0,1675,,West Bengal,26,,,,,,,,,,,,,,,,,,,,
Kerala,3,,,Karnataka,15,1675,,Kerala,15,,,,,,,,,,,,,,,,,,,,
West Bengal,2,,,Karnataka,10,1675,,Rajasthan,12,,,,,,,,,,,,,,,,,,,,
Haryana,2,,,Karnataka,25,1675,,Bihar,10,,,,,,,,,,,,,,,,,,,,
Gujarat,1,,,Karnataka,25,1675,,Gujarat,0,,,,,,,,,,,,,,,,,,,,
Odisha,1,,,Karnataka,35,1675,,Odisha,0,,,,,,,,,,,,,,,,,,,,
Andaman and Nicobar Islands,1,,,Karnataka,35,1675,,Andaman and Nicobar Islands,0,,,,,,,,,,,,,,,,,,,,
Bihar,1,,,Karnataka,35,1675,,Haryana,0,,,,,,,,,,,,,,,,,,,,
,,,,Karnataka,15,1675,,,,,,,,,,,,,,,,,,,,,,,
,,,,Karnataka,0,1675,,,,,,,,,,,,,,,,,,,,,,,
,,,,Karnataka,35,1675,,,,,,,,,,,,,,,,,,,,,,,
,,,,Karnataka,0,1675,,,,,,,,,,,,,,,,,,,,,,,
,,,,Karnataka,25,1675,,,,,,,,,,,,,,,,,,,,,,,
,,,,Karnataka,1,1675,,,,,,,,,,,,,,,,,,,,,,,
,,,,Karnataka,1,1675,,,,,,,,,,,,,,,,,,,,,,,
,,,,Karnataka,115,1675,,,,,,,,,,,,,,,,,,,,,,,
,,,,Karnataka,1,1675,,,,,,,,,,,,,,,,,,,,,,,
,,,,Karnataka,0,1675,,,,,,,,,,,,,,,,,,,,,,,
,,,,Karnataka,0,1675,,,,,,,,,,,,,,,,,,,,,,,
,,,,Karnataka,0,1675,,,,,,,,,,,,,,,,,,,,,,,
,,,,Karnataka,0,1675,,,,,,,,,,,,,,,,,,,,,,,
,,,,Karnataka,10,1675,,,,,,,,,,,,,,,,,,,,,,,
,,,,Karnataka,10,1675,,,,,,,,,,,,,,,,,,,,,,,
,,,,Karnataka,0,1675,,,,,,,,,,,,,,,,,,,,,,,
,,,,Karnataka,35,1675,,,,,,,,,,,,,,,,,,,,,,,
,,,,Karnataka,15,1675,,,,,,,,,,,,,,,,,,,,,,,
,,,,Karnataka,10,1675,,,,,,,,,,,,,,,,,,,,,,,
,,,,Karnataka,25,1675,,,,,,,,,,,,,,,,,,,,,,,
,,,,Karnataka,35,1675,,,,,,,,,,,,,,,,,,,,,,,
,,,,Karnataka,65,1675,,,,,,,,,,,,,,,,,,,,,,,
,,,,Karnataka,55,1675,,,,,,,,,,,,,,,,,,,,,,,
,,,,Karnataka,0,1675,,,,,,,,,,,,,,,,,,,,,,,
,,,,Karnataka,0,1675,,,,,,,,,,,,,,,,,,,,,,,
,,,,Karnataka,0,1675,,,,,,,,,,,,,,,,,,,,,,,
,,,,Karnataka,1,1675,,,,,,,,,,,,,,,,,,,,,,,
,,,,Karnataka,10,1675,,,,,,,,,,,,,,,,,,,,,,,
,,,,Karnataka,0,1675,,,,,,,,,,,,,,,,,,,,,,,
,,,,Karnataka,15,1675,,,,,,,,,,,,,,,,,,,,,,,
,,,,Karnataka,0,1675,,,,,,,,,,,,,,,,,,,,,,,
,,,,Karnataka,15,1675,,,,,,,,,,,,,,,,,,,,,,,
,,,,Karnataka,10,1675,,,,,,,,,,,,,,,,,,,,,,,
,,,,Karnataka,35,1675,,,,,,,,,,,,,,,,,,,,,,,
,,,,Karnataka,45,1675,,,,,,,,,,,,,,,,,,,,,,,
,,,,Karnataka,0,1675,,,,,,,,,,,,,,,,,,,,,,,
,,,,Karnataka,15,1675,,,,,,,,,,,,,,,,,,,,,,,
,,,,Karnataka,35,1675,,,,,,,,,,,,,,,,,,,,,,,
,,,,Karnataka,0,1675,,,,,,,,,,,,,,,,,,,,,,,
,,,,Karnataka,0,1675,,,,,,,,,,,,,,,,,,,,,,,
,,,,Karnataka,10,1675,,,,,,,,,,,,,,,,,,,,,,,
,,,,Karnataka,25,1675,,,,,,,,,,,,,,,,,,,,,,,
,,,,Karnataka,35,1675,,,,,,,,,,,,,,,,,,,,,,,
,,,,Karnataka,15,1675,,,,,,,,,,,,,,,,,,,,,,,
,,,,Karnataka,0,1675,,,,,,,,,,,,,,,,,,,,,,,
,,,,Karnataka,25,1675,,,,,,,,,,,,,,,,,,,,,,,
,,,,Karnataka,0,1675,,,,,,,,,,,,,,,,,,,,,,,
,,,,Karnataka,35,1675,,,,,,,,,,,,,,,,,,,,,,,
,,,,Karnataka,25,1675,,,,,,,,,,,,,,,,,,,,,,,
,,,,Karnataka,0,1675,,,,,,,,,,,,,,,,,,,,,,,
,,,,Karnataka,0,1675,,,,,,,,,,,,,,,,,,,,,,,
,,,,Karnataka,10,1675,,,,,,,,,,,,,,,,,,,,,,,
,,,,Karnataka,0,1675,,,,,,,,,,,,,,,,,,,,,,,
,,,,Karnataka,15,1675,,,,,,,,,,,,,,,,,,,,,,,
,,,,Karnataka,15,1675,,,,,,,,,,,,,,,,,,,,,,,
,,,,Karnataka,25,1675,,,,,,,,,,,,,,,,,,,,,,,
,,,,Karnataka,15,1675,,,,,,,,,,,,,,,,,,,,,,,
,,,,Karnataka,35,1675,,,,,,,,,,,,,,,,,,,,,,,
,,,,Karnataka,1,1675,,,,,,,,,,,,,,,,,,,,,,,
,,,,Karnataka,25,1675,,,,,,,,,,,,,,,,,,,,,,,
,,,,Karnataka,10,1675,,,,,,,,,,,,,,,,,,,,,,,
,,,,Karnataka,0,1675,,,,,,,,,,,,,,,,,,,,,,,
,,,,Karnataka,10,1675,,,,,,,,,,,,,,,,,,,,,,,
,,,,Karnataka,25,1675,,,,,,,,,,,,,,,,,,,,,,,
,,,,Karnataka,35,1675,,,,,,,,,,,,,,,,,,,,,,,
,,,,Karnataka,15,1675,,,,,,,,,,,,,,,,,,,,,,,
,,,,Karnataka,25,1675,,,,,,,,,,,,,,,,,,,,,,,
,,,,Karnataka,25,1675,,,,,,,,,,,,,,,,,,,,,,,
,,,,Karnataka,15,1675,,,,,,,,,,,,,,,,,,,,,,,
,,,,Karnataka,0,1675,,,,,,,,,,,,,,,,,,,,,,,
,,,,Karnataka,25,1675,,,,,,,,,,,,,,,,,,,,,,,
,,,,Karnataka,25,1675,,,,,,,,,,,,,,,,,,,,,,,
,,,,Karnataka,0,1675,,,,,,,,,,,,,,,,,,,,,,,
,,,,Karnataka,45,1675,,,,,,,,,,,,,,,,,,,,,,,
,,,,Karnataka,25,1675,,,,,,,,,,,,,,,,,,,,,,,
,,,,Karnataka,55,1675,,,,,,,,,,,,,,,,,,,,,,,
,,,,Karnataka,35,1675,,,,,,,,,,,,,,,,,,,,,,,
,,,,Karnataka,25,1675,,,,,,,,,,,,,,,,,,,,,,,
,,,,Karnataka,15,1675,,,,,,,,,,,,,,,,,,,,,,,
,,,,Karnataka,0,1675,,,,,,,,,,,,,,,,,,,,,,,
,,,,Karnataka,25,1675,,,,,,,,,,,,,,,,,,,,,,,
,,,,Andhra Pradesh,10,220,,,,,,,,,,,,,,,,,,,,,,,
,,,,Andhra Pradesh,25,220,,,,,,,,,,,,,,,,,,,,,,,
,,,,Andhra Pradesh,55,220,,,,,,,,,,,,,,,,,,,,,,,
,,,,Andhra Pradesh,0,220,,,,,,,,,,,,,,,,,,,,,,,
,,,,Andhra Pradesh,10,220,,,,,,,,,,,,,,,,,,,,,,,
,,,,Andhra Pradesh,25,220,,,,,,,,,,,,,,,,,,,,,,,
,,,,Andhra Pradesh,10,220,,,,,,,,,,,,,,,,,,,,,,,
,,,,Andhra Pradesh,0,220,,,,,,,,,,,,,,,,,,,,,,,
,,,,Andhra Pradesh,35,220,,,,,,,,,,,,,,,,,,,,,,,
,,,,Andhra Pradesh,25,220,,,,,,,,,,,,,,,,,,,,,,,
,,,,Andhra Pradesh,25,220,,,,,,,,,,,,,,,,,,,,,,,
,,,,Punjab,35,155,,,,,,,,,,,,,,,,,,,,,,,
,,,,Punjab,10,155,,,,,,,,,,,,,,,,,,,,,,,
,,,,Punjab,35,155,,,,,,,,,,,,,,,,,,,,,,,
,,,,Punjab,75,155,,,,,,,,,,,,,,,,,,,,,,,
,,,,Telangana,35,120,,,,,,,,,,,,,,,,,,,,,,,
,,,,Telangana,15,120,,,,,,,,,,,,,,,,,,,,,,,
,,,,Telangana,35,120,,,,,,,,,,,,,,,,,,,,,,,
,,,,Telangana,0,120,,,,,,,,,,,,,,,,,,,,,,,
,,,,Telangana,0,120,,,,,,,,,,,,,,,,,,,,,,,
,,,,Telangana,35,120,,,,,,,,,,,,,,,,,,,,,,,
,,,,Uttar Pradesh,10,90,,,,,,,,,,,,,,,,,,,,,,,
,,,,Uttar Pradesh,45,90,,,,,,,,,,,,,,,,,,,,,,,
,,,,Uttar Pradesh,10,90,,,,,,,,,,,,,,,,,,,,,,,
,,,,Uttar Pradesh,25,90,,,,,,,,,,,,,,,,,,,,,,,
,,,,Tamil Nadu,0,70,,,,,,,,,,,,,,,,,,,,,,,
,,,,Tamil Nadu,45,70,,,,,,,,,,,,,,,,,,,,,,,
,,,,Tamil Nadu,0,70,,,,,,,,,,,,,,,,,,,,,,,
,,,,Tamil Nadu,0,70,,,,,,,,,,,,,,,,,,,,,,,
,,,,Tamil Nadu,0,70,,,,,,,,,,,,,,,,,,,,,,,
,,,,Tamil Nadu,0,70,,,,,,,,,,,,,,,,,,,,,,,
,,,,Tamil Nadu,25,70,,,,,,,,,,,,,,,,,,,,,,,
,,,,Maharashtra,15,45,,,,,,,,,,,,,,,,,,,,,,,
,,,,Maharashtra,0,45,,,,,,,,,,,,,,,,,,,,,,,
,,,,Maharashtra,15,45,,,,,,,,,,,,,,,,,,,,,,,
,,,,Maharashtra,0,45,,,,,,,,,,,,,,,,,,,,,,,
,,,,Maharashtra,0,45,,,,,,,,,,,,,,,,,,,,,,,
,,,,Maharashtra,15,45,,,,,,,,,,,,,,,,,,,,,,,
,,,,West Bengal,1,26,,,,,,,,,,,,,,,,,,,,,,,
,,,,West Bengal,25,26,,,,,,,,,,,,,,,,,,,,,,,
,,,,Kerala,15,15,,,,,,,,,,,,,,,,,,,,,,,
,,,,Kerala,0,15,,,,,,,,,,,,,,,,,,,,,,,
,,,,Kerala,0,15,,,,,,,,,,,,,,,,,,,,,,,
,,,,Rajasthan,0,12,,,,,,,,,,,,,,,,,,,,,,,
,,,,Rajasthan,1,12,,,,,,,,,,,,,,,,,,,,,,,
,,,,Rajasthan,10,12,,,,,,,,,,,,,,,,,,,,,,,
,,,,Rajasthan,0,12,,,,,,,,,,,,,,,,,,,,,,,
,,,,Rajasthan,1,12,,,,,,,,,,,,,,,,,,,,,,,
,,,,Bihar,10,10,,,,,,,,,,,,,,,,,,,,,,,
,,,,Gujarat,0,0,,,,,,,,,,,,,,,,,,,,,,,
,,,,Odisha,0,0,,,,,,,,,,,,,,,,,,,,,,,
,,,,Andaman and Nicobar Islands,0,0,,,,,,,,,,,,,,,,,,,,,,,
,,,,Haryana,0,0,,,,,,,,,,,,,,,,,,,,,,,
,,,,Haryana,0,0,,,,,,,,,,,,,,,,,,,,,,,
Purchase criteria 1,Purchase criteria 2,Purchase criteria 3,,Purchase Criteria-1,Purchase Criteria-2,Purchase Criteria-3,Purchase Criteria-4,,,,,, Milk,,,,,,,,,,,,,,,,
Brand,Price,Taste,,Brand,Thickness,Price,Taste,,,,,1,2,3,,,,,,,,,,,,,,,
Taste,Brand,Price,,Taste,Thickness,Brand,Price,,,,Brand,44,21,7,72,,,,,,,,,,,,,,
Brand,Taste,Price,,Taste,Thickness,Brand,Price,,,,Price,13,15,30,58,,,,,,,,,,,,,,
Taste,Brand,Price,,Taste,Thickness,Price,Brand,,,,Taste,43,14,13,70,,,,,,,,,,,,,,
Brand,Price,Taste,,Brand,Taste,Price,Thickness,,,,,,,,,,,,,,,,,,,,,,
Taste,Price,Brand,,Taste,Thickness,Brand,Price,,,,,,,,,,,,,,,,,,,,,,
Brand,Taste,Price,,Taste,Thickness,Brand,Price,,,,,,,,,,,,,,,,,,,,,,
Taste,Brand,Price,,Taste,Thickness,Price,Brand,,,,,,Curd,,,,,,,,,,,,,,,,
Brand,Taste,Price,,Taste,Price,Brand,Thickness,,,,,,,,,,,,,,,,,,,,,,
Taste,Brand,Price,,Brand,Taste,Price,Thickness,,,,Brand,52,,,,,,,,,,,,,,,,,
Price,Brand,Taste,,Taste,Brand,Thickness,Price,,,,Price,36,,,,,,,,,,,,,,,,,
Brand,Taste,Price,,Brand,Thickness,Taste,Price,,,,Taste,56,,,,,,,,,,,,,,,,,
Brand,Price,Taste,,Taste,Thickness,Brand,Price,,,,,,,,,,,,,,,,,,,,,,
Brand,Taste,Price,,Brand,Taste,Price,Thickness,,,,,,,,,,,,,,,,,,,,,,
Taste,Price,Brand,,Taste,Thickness,Brand,Price,,,,,,,,,,,,,,,,,,,,,,
Brand,Price,Taste,,Thickness,Taste,Price,Brand,,,,,,,,,,,,,,,,,,,,,,
Taste,Price,Brand,,Brand,Taste,Price,Thickness,,,,,,,,,,,,,,,,,,,,,,
Taste,Price,Brand,,Price,Thickness,Taste,Brand,,,,,,,,,,,,,,,,,,,,,,
Price,Brand,Taste,,Brand,Taste,Price,Thickness,,,,,,,,,,,,,,,,,,,,,,
Taste,Brand,Price,,Thickness,Price,Taste,Brand,,,,,,,,,,,,,,,,,,,,,,
Brand,Price,Taste,,Taste,Thickness,Price,Brand,,,,,,,,,,,,,,,,,,,,,,
Taste,Price,Brand,,Taste,Price,Brand,Thickness,,,,,,,,,,,,,,,,,,,,,,
Taste,Brand,Price,,Brand,Price,Taste,Thickness,,,,,,,,,,,,,,,,,,,,,,
Price,Taste,Brand,,Brand,Thickness,Taste,Price,,,,,,,,,,,,,,,,,,,,,,
Taste,Brand,Price,,Brand,Taste,Thickness,Price,,,,,,,,,,,,,,,,,,,,,,
Taste,Brand,Price,,Brand,Price,Taste,Thickness,,,,,,,,,,,,,,,,,,,,,,
Taste,Brand,Price,,Taste,Thickness,Brand,Price,,,,,,,,,,,,,,,,,,,,,,
Price,Brand,Taste,,Brand,Taste,Thickness,Price,,,,,,,,,,,,,,,,,,,,,,
Brand,Taste,Price,,Taste,Price,Brand,Thickness,,,,,,,,,,,,,,,,,,,,,,
Brand,Price,Taste,,Thickness,Taste,Price,Brand,,,,,,,,,,,,,,,,,,,,,,
Brand,Taste,Price,,Brand,Taste,Thickness,Price,,,,,,,,,,,,,,,,,,,,,,
Taste,Brand,Price,,Brand,Taste,Price,Thickness,,,,,,,,,,,,,,,,,,,,,,
Brand,Price,Taste,,Taste,Brand,Thickness,Price,,,,,,,,,,,,,,,,,,,,,,
Brand,Taste,Price,,Brand,Taste,Thickness,Price,,,,,,,,,,,,,,,,,,,,,,
Taste,Brand,Price,,Taste,Brand,Price,Thickness,,,,,,,,,,,,,,,,,,,,,,
Taste,Brand,Price,,Taste,,,,,,,,,,,,,,,,,,,,,,,,,
Brand,Price,Taste,,Brand,,,,,,,,,,,,,,,,,,,,,,,,,
Brand,Taste,Price,,Thickness,,,,,,,,,,,,,,,,,,,,,,,,,
Taste,Brand,Price,,Thickness,,,,,,,,,,,,,,,,,,,,,,,,,
Taste,Brand,Price,,Thickness,,,,,,,,,,,,,,,,,,,,,,,,,
Taste,Brand,Price,,Thickness,,,,,,,,,,,,,,,,,,,,,,,,,
Brand,Price,Taste,,Taste,,,,,,,,,,,,,,,,,,,,,,,,,
Brand,Taste,Price,,Taste,,,,,,,,,,,,,,,,,,,,,,,,,
Taste,Brand,Price,,Taste,,,,,,,,,,,,,,,,,,,,,,,,,
Taste,Brand,Price,,Taste,,,,,,,,,,,,,,,,,,,,,,,,,
Brand,Taste,Price,,Taste,,,,,,,,,,,,,,,,,,,,,,,,,
Taste,Brand,Price,,Taste,,,,,,,,,,,,,,,,,,,,,,,,,
Brand,Taste,Price,,Brand,,,,,,,,,,,,,,,,,,,,,,,,,
Price,Taste,Brand,,Brand,,,,,,,,,,,,,,,,,,,,,,,,,
Brand,Price,Taste,,Taste,,,,,,,,,,,,,,,,,,,,,,,,,
Taste,,,,Taste,,,,,,,,,,,,,,,,,,,,,,,,,
Taste,,,,Taste,,,,,,,,,,,,,,,,,,,,,,,,,
Price,,,,Thickness,,,,,,,,,,,,,,,,,,,,,,,,,
Taste,,,,Brand,,,,,,,,,,,,,,,,,,,,,,,,,
Price,,,,Brand,,,,,,,,,,,,,,,,,,,,,,,,,
Brand,,,,Taste,,,,,,,,,,,,,,,,,,,,,,,,,
Taste,,,,Taste,,,,,,,,,,,,,,,,,,,,,,,,,
Taste,,,,Taste,,,,,,,,,,,,,,,,,,,,,,,,,
Colour,,,,Brand,,,,,,,,,,,,,,,,,,,,,,,,,
Brand,,,,Brand,,,,,,,,,,,,,,,,,,,,,,,,,
Taste,,,,Brand,,,,,,,,,,,,,,,,,,,,,,,,,
Brand,,,,Thickness,,,,,,,,,,,,,,,,,,,,,,,,,
Taste,,,,Brand,,,,,,,,,,,,,,,,,,,,,,,,,
Brand,,,,Taste,,,,,,,,,,,,,,,,,,,,,,,,,
Price,,,,Taste,,,,,,,,,,,,,,,,,,,,,,,,,
Brand,,,,Taste,,,,,,,,,,,,,,,,,,,,,,,,,
Taste,,,,Thickness,,,,,,,,,,,,,,,,,,,,,,,,,
Taste,,,,Thickness,,,,,,,,,,,,,,,,,,,,,,,,,
Price,,,,Brand,,,,,,,,,,,,,,,,,,,,,,,,,
Brand,,,,Brand,,,,,,,,,,,,,,,,,,,,,,,,,
Brand,,,,Brand,,,,,,,,,,,,,,,,,,,,,,,,,
Brand,,,,Brand,,,,,,,,,,,,,,,,,,,,,,,,,
Taste,,,,Brand,,,,,,,,,,,,,,,,,,,,,,,,,
Brand,,,,Price,,,,,,,,,,,,,,,,,,,,,,,,,
Brand,,,,Taste,,,,,,,,,,,,,,,,,,,,,,,,,
Brand,,,,Thickness,,,,,,,,,,,,,,,,,,,,,,,,,
Taste,,,,Thickness,,,,,,,,,,,,,,,,,,,,,,,,,
Brand,,,,Taste,,,,,,,,,,,,,,,,,,,,,,,,,
Taste,,,,Taste,,,,,,,,,,,,,,,,,,,,,,,,,
Brand,,,,Brand,,,,,,,,,,,,,,,,,,,,,,,,,
Brand,,,,Taste,,,,,,,,,,,,,,,,,,,,,,,,,
Taste,,,,Brand,,,,,,,,,,,,,,,,,,,,,,,,,
Taste,,,,Brand,,,,,,,,,,,,,,,,,,,,,,,,,
Brand,,,,Taste,,,,,,,,,,,,,,,,,,,,,,,,,
Taste,,,,,,,,,,,,,,,,,,,,,,,,,,,,,
Brand,,,,,,,,,,,,,,,,,,,,,,,,,,,,,
Price,,,,,,,,,,,,,,,,,,,,,,,,,,,,,
Taste,,,,,,,,,,,,,,,,,,,,,,,,,,,,,
Brand,,,,,,,,,,,,,,,,,,,,,,,,,,,,,
Taste,,,,,,,,,,,,,,,,,,,,,,,,,,,,,
Brand,,,,,,,,,,,,,,,,,,,,,,,,,,,,,
Price,,,,,,,,,,,,,,,,,,,,,,,,,,,,,
Taste,,,,,,,,,,,,,,,,,,,,,,,,,,,,,
Taste,,,,,,,,,,,,,,,,,,,,,,,,,,,,,
Price,,,,,,,,,,,,,,,,,,,,,,,,,,,,,
Brand,,,,,,,,,,,,,,,,,,,,,,,,,,,,,
Brand,,,,,,,,,,,,,,,,,,,,,,,,,,,,,
Brand,,,,,,,,,,,,,,,,,,,,,,,,,,,,,
Taste,,,,,,,,,,,,,,,,,,,,,,,,,,,,,
Brand,,,,,,,,,,,,,,,,,,,,,,,,,,,,,
Price,,,,,,,,,,,,,,,,,,,,,,,,,,,,,
Nandini,1400,70570,Nandini,262.4,6379.6,5030,6379.6,,Preferred Brand,,,Preferred Brand,,,,,,,,,,,,,,,,,
Nandini,600,70570,Nandini,41,6379.6,2825,4548,,Nandini,74,,Milky Mist,18,,,,,,,,,,,,,,,,
Nandini,600,70570,Nandini,262.4,6379.6,1125,1056,,Amul,5,,Heritage,7,,,,,,,,,,,,,,,,
Nandini,200,70570,Nandini,131.2,6379.6,880,968,,Heritage,10,,Nandini,43,,,,,,,,,,,,,,,,
Nandini,200,70570,Nandini,131.2,6379.6,600,640,,Gokul,1,,Amul,7,,,,,,,,,,,,,,,,
Nandini,1400,70570,Nandini,41,6379.6,,520,,Locally Sourced,3,,Mother Dairy,1,,,,,,,,,,,,,,,,
Nandini,1400,70570,Nandini,213.2,6379.6,,352,,Nilgiris,1,,happy cow,1,,,,,,,,,,,,,,,,
Nandini,2080,70570,Nandini,131.2,6379.6,,320,,Arokya,1,,Aahaa,1,,,,,,,,,,,,,,,,
Nandini,2600,70570,Nandini,131.2,6379.6,,239.2,,Mother Dairy,1,,Tirumala,1,,,,,,,,,,,,,,,,
Nandini,1800,70570,Nandini,213.2,6379.6,,128,,Akshayakalpa,2,,Nilgiris,1,,,,,,,,,,,,,,,,
Nandini,600,70570,Nandini,41,6379.6,,100,,Arokya ,1,,Locally sourced,1,,,,,,,,,,,,,,,,
Nandini,20,70570,Nandini,213.2,6379.6,,40,,Aavin,1,,Cup,1,,,,,,,,,,,,,,,,
Nandini,200,70570,Nandini,213.2,6379.6,,15290.8,,Sangam,1,,Brittania,1,,,,,,,,,,,,,,,,
Nandini,2450,70570,Nandini,41,6379.6,,,,,,,Akshayakalpa,1,,,,,,,,,,,,,,,,
Nandini,1400,70570,Nandini,41,6379.6,,,,,,,,,,,,,,,,,,,,,,,,
Nandini,1400,70570,Nandini,131.2,6379.6,,,,,,,,,,,,,,,,,,,,,,,,
Nandini,200,70570,Nandini,213.2,6379.6,,,,,,,,,,,,,,,,,,,,,,,,
Nandini,600,70570,Nandini,41,6379.6,,,,,,,,,,,,,,,,,,,,,,,,
Nandini,1000,70570,Nandini,41,6379.6,,,,,,,,,,,,,,,,,,,,,,,,
Nandini,1400,70570,Nandini,213.2,6379.6,,,,,,,,,,,,,,,,,,,,,,,,
Nandini,600,70570,Nandini,131.2,6379.6,,,,,,,,,,,,,,,,,,,,,,,,
Nandini,600,70570,Nandini,213.2,6379.6,,,,,,,,,,,,,,,,,,,,,,,,
Nandini,600,70570,Nandini,262.4,6379.6,,,,,,,,,,,,,,,,,,,,,,,,
Nandini,1400,70570,Nandini,213.2,6379.6,,,,,,,,,,,,,,,,,,,,,,,,
Nandini,200,70570,Nandini,41,6379.6,,,,,,,,,,,,,,,,,,,,,,,,
Nandini,1000,70570,Nandini,131.2,6379.6,,,,,,,,,,,,,,,,,,,,,,,,
Nandini,200,70570,Nandini,213.2,6379.6,,,,,,,,,,,,,,,,,,,,,,,,
Nandini,200,70570,Nandini,131.2,6379.6,,,,,,,,,,,,,,,,,,,,,,,,
Nandini,1400,70570,Nandini,262.4,6379.6,,,,,,,,,,,,,,,,,,,,,,,,
Nandini,1000,70570,Nandini,213.2,6379.6,,,,,,,,,,,,,,,,,,,,,,,,
Nandini,1400,70570,Nandini,41,6379.6,,,,,,,,,,,,,,,,,,,,,,,,
Nandini,3000,70570,Nandini,41,6379.6,,,,,,,,,,,,,,,,,,,,,,,,
Nandini,1000,70570,Nandini,131.2,6379.6,,,,,,,,,,,,,,,,,,,,,,,,
Nandini,600,70570,Nandini,131.2,6379.6,,,,,,,,,,,,,,,,,,,,,,,,
Nandini,625,70570,Nandini,131.2,6379.6,,,,,,,,,,,,,,,,,,,,,,,,
Nandini,1100,70570,Nandini,131.2,6379.6,,,,,,,,,,,,,,,,,,,,,,,,
Heritage,1540,9860,Nandini,131.2,6379.6,,,,,,,,,,,,,,,,,,,,,,,,
Heritage,220,9860,Nandini,131.2,6379.6,,,,,,,,,,,,,,,,,,,,,,,,
Heritage,1540,9860,Nandini,213.2,6379.6,,,,,,,,,,,,,,,,,,,,,,,,
Heritage,660,9860,Nandini,131.2,6379.6,,,,,,,,,,,,,,,,,,,,,,,,
Heritage,660,9860,Nandini,213.2,6379.6,,,,,,,,,,,,,,,,,,,,,,,,
Heritage,200,9860,Nandini,262.4,6379.6,,,,,,,,,,,,,,,,,,,,,,,,
Heritage,1400,9860,Nandini,131.2,6379.6,,,,,,,,,,,,,,,,,,,,,,,,
Nandini,1000,70570,Milky Mist,312,4548,70970,,,,,,,,,,,,,,,,,,,,,,,
Nandini,20,70570,Milky Mist,312,4548,630,,,,,,,,,,,,,,,,,,,,,,,
Nandini,1000,70570,Milky Mist,312,4548,215.6,,,,,,,,,,,,,,,,,,,,,,,
Nandini,1800,70570,Milky Mist,384,4548,,,,,,,,,,,,,,,,,,,,,,,,
Nandini,1400,70570,Milky Mist,60,4548,,,,,,,,,,,,,,,,,,,,,,,,
Nandini,4600,70570,Milky Mist,384,4548,,,,,,,,,,,,,,,,,,,,,,,,
Nandini,20,70570,Milky Mist,312,4548,,,,,,,,,,,,,,,,,,,,,,,,
Nandini,200,70570,Milky Mist,60,4548,,,,,,,,,,,,,,,,,,,,,,,,
Nandini,1400,70570,Milky Mist,384,4548,,,,,,,,,,,,,,,,,,,,,,,,
Nandini,1100,70570,Milky Mist,192,4548,,,,,,,,,,,,,,,,,,,,,,,,
Nandini,1000,70570,Milky Mist,312,4548,,,,,,,,,,,,,,,,,,,,,,,,
Nandini,600,70570,Milky Mist,192,4548,,,,,,,,,,,,,,,,,,,,,,,,
Nandini,1000,70570,Milky Mist,312,4548,,,,,,,,,,,,,,,,,,,,,,,,
Nandini,600,70570,Milky Mist,192,4548,,,,,,,,,,,,,,,,,,,,,,,,
Nandini,1100,70570,Milky Mist,60,4548,,,,,,,,,,,,,,,,,,,,,,,,
Nandini,3150,70570,Milky Mist,192,4548,,,,,,,,,,,,,,,,,,,,,,,,
Nandini,1000,70570,Milky Mist,384,4548,,,,,,,,,,,,,,,,,,,,,,,,
Heritage,660,9860,Milky Mist,192,4548,,,,,,,,,,,,,,,,,,,,,,,,
Nandini,200,70570,Heritage,249.6,1056,9860,,,,,,,,,,,,,,,,,,,,,,,
Nandini,20,70570,Heritage,153.6,1056,,,,,,,,,,,,,,,,,,,,,,,,
Nandini,1400,70570,Heritage,153.6,1056,,,,,,,,,,,,,,,,,,,,,,,,
Nandini,1000,70570,Heritage,48,1056,,,,,,,,,,,,,,,,,,,,,,,,
Nandini,1000,70570,Heritage,48,1056,,,,,,,,,,,,,,,,,,,,,,,,
Nandini,1000,70570,Heritage,249.6,1056,,,,,,,,,,,,,,,,,,,,,,,,
Nandini,1400,70570,Heritage,153.6,1056,,,,,,,,,,,,,,,,,,,,,,,,
Nandini,200,70570,Amul,286,968,1000,,,,,,,,,,,,,,,,,,,,,,,
Nandini,1400,70570,Amul,286,968,,,,Nandini,70970,76.20072239,,Nandini,6379.6,41.72181966,,,,,,,,,,,,,,
Nandini,20,70570,Amul,55,968,,,,Heritage,9860,10.58671442,,Milky Mist,4548,29.7433751,,,,,,,,,,,,,,
Nandini,200,70570,Amul,55,968,,,,Total,93135.6,,,,15290.8,,,,,,,,,,,,,,,
Nandini,1025,70570,Amul,55,968,,,,Others,,13.21256319,,others,,28.53480524,,,,,,,,,,,,,,
Heritage,1980,9860,Amul,55,968,,,,,,,,,,,,,,,,,,,,,,,,
Heritage,1000,9860,Amul,176,968,,,,,,,,,,,,,,,,,,,,,,,,
Nandini,1400,70570,happy cow,640,640,,,,,,,,,,,,,,,,,,,,,,,,
Nandini,200,70570,Akshayakalpa,640,640,,,,,,,,,,,,,,,,,,,,,,,,
Nandini,20,70570,Brittania,520,520,,,,,,,,,,,,,,,,,,,,,,,,
Nandini,600,70570,Aahaa,352,352,,,,,,,,,,,,,,,,,,,,,,,,
Nandini,600,70570,Cup,320,320,,,,,,,,,,,,,,,,,,,,,,,,
Nandini,20,70570,Tirumala,239.2,239.2,,,,,,,,,,,,,,,,,,,,,,,,
Amul,220,5030,Nilgiris,128,128,,,,,,,,,,,,,,,,,,,,,,,,
Nandini,1000,70570,Mother Dairy,100,100,0,,,,,,,,,,,,,,,,,,,,,,,
Nandini,1800,70570,Locally sourced,40,40,,,,,,,,,,,,,,,,,,,,,,,,
Amul,22,5030,,,,,,,,,,,,,,,,,,,,,,,,,,,
Amul,2288,5030,,,,,,,,,,,,,,,,,,,,,,,,,,,
Amul,1100,5030,,,,,,,,,,,,,,,,,,,,,,,,,,,
Amul,1400,5030,,,,,,,,,,,,,,,,,,,,,,,,,,,
Locally Sourced,625,2825,,,,,,,,,,,,,,,,,,,,,,,,,,,
Locally Sourced,2200,2825,,,,,,,,,,,,,,,,,,,,,,,,,,,
Nilgiris,1125,1125,,,,,,,,,,,,,,,,,,,,,,,,,,,
Arokya ,1000,1000,,,,,,,,,,,,,,,,,,,,,,,,,,,
Aavin,1000,1000,,,,,,,,,,,,,,,,,,,,,,,,,,,
Akshayakalpa,660,880,,,,,,,,,,,,,,,,,,,,,,,,,,,
Akshayakalpa,220,880,,,,,,,,,,,,,,,,,,,,,,,,,,,
Gokul,630,630,,,,,,,,,,,,,,,,,,,,,,,,,,,
Mother Dairy,600,600,,,,,,,,,,,,,,,,,,,,,,,,,,,
Arokya,215.6,215.6,,,,,,,,,,,,,,,,,,,,,,,,,,,
,,,,,,,,,,,,,,,,,,,,,,,,,,,,,
,,,,,,,,,,,,,,,,,,,,,,,,,,,,,
,,,,,,,,,,,,,,,,,,,,,,,,,,,,,
,,,,,,,,,,,,,,,,,,,,,,,,,,,,,
,Value,Volume,,,,,,,,,,,,,,,,,,,,,,,,,,,
Average,#DIV/0!,#DIV/0!,,,,,,,,,,,,,,,,,,,,,,,,,,,
Coverage,73%,73%,,,,,,,,,,,,,,,,,,,,,,,,,,,
,,,,,,,,,,,,,,,,,,,,,,,,,,,,,
"1,00,00,000",#DIV/0!,,,,,,,,,,,,,,,,,,,,,,,,,,,,
Sl. No.,Questions,,,,,,,,,,,,,,,,,,,,,,,,,,,,
1,"Assuming a total population of 1 Cr., calculate the total market size (by value) of overall milk and curd industry basis the survey data. ",,,,,,,,,,,,,,,,,,,,,,,,,,,,
2,"What is the market size of each dairy product by value and volume? If milk and curd make up 70% of the overall dairy industry, what is the relative contribution of each product to the overall dairy market (by value)?",,,,,,,,,,,,,,,,,,,,,,,,,,,,
3,Client wishes to enter in the Top 3 customer segments by native states in Milk consumption by volume. What would you recommend they enter?,,,,,,,,,,,,,,,,,,,,,,,,,,,,
4,"For these 2 products, what are the top 3 purchase criteria for the customers?",,,,,,,,,,,,,,,,,,,,,,,,,,,,
5,"In these 2 products, who are the top 2 competitors? What is their current MS%?",,,,,,,,,,,,,,,,,,,,,,,,,,,,
6,How many instances do customers who buy milk also buy curd? What is the instanced that both products belong to the same brand?,,,,,,,,,,,,,,,,,,,,,,,,,,,,
